全体の雰囲気,特徴キーワード,キャスト情報,該当キャストのプロフ本文
天真爛漫・愛嬌,"可愛い系, 甘えん坊, 完全未経験, 巨乳, グラマー",（22）T:156 B:90(G) W:57 H:86,【小柄Gカップのインパクト！】\n【可愛く愛嬌◎甘さと落ち着きの両立】\n【その笑顔、反則級】\n\n可憐なボディに秘められた、衝撃のGカップ──\n小柄なシルエットからは想像もつかない 圧巻のGカップ 、\n目の前に現れた瞬間、心を奪われること間違いなし。 服を脱いだ時のギャップに驚愕し、思わず二度見してしまうほどの グラマラスボディ。 その柔らかな膨らみがもたらす誘惑に、視線を逸らすことはまず不可能です。\n童顔×愛嬌たっぷりの笑顔は可愛らしさの極み。 甘えん坊な妹系の雰囲気を持ちながらも、時折見せる色気を帯びた大人の表情。 その ギャップ がたまらなく、一緒にいるだけで心が蕩けてしまう。 気づけば時間が溶けるように流れ、彼女の世界に引き込まれていく。\n完全未経験で慣れないながらも、一生懸命に応えようとする姿勢が 胸を打つ。 ぎこちない仕草や、緊張から生まれる初々しい表情が リアルな特別感 を演出。 まるで初恋のような甘酸っぱい感覚に、心がふわりと揺れる。\n今しか味わえない彼女の 「素」の可愛さと純粋な魅力。\n 誰よりもフレッシュなときめきを、ぜひ貴方の手で確かめてください。
清楚・可憐,"清楚, 癒し系, 美乳, 人懐っこい, おっとり",（22）T:158 B:85(D) W:57 H:88,【清楚なのにエロい】\n【癒しだけで終わらせてくれない】\n【彼女との時間は、まさに“二重の快感”】\n\n癒しと色気のダブルトラップ──\n人懐っこさの奥に宿る、本能を揺さぶるエロス\n\nその場にいるだけでふわっと空気が和らぐ。\n誰とでも自然に打ち解けられる、柔らかくてあたたかな雰囲気。\nまるで包み込むような優しさで、初対面でも自然と距離が近づいてしまう──\n彼女には、そんな“安心感の魔法”が宿っています。\nそれはまさに、母性。\n話すテンポも心地よく、相手のペースを大切にしてくれる。\n疲れた心が、そっと溶かされていくような癒しの時間がそこにあります。\n\n…けれど、その癒しだけで終わらせてくれないのが彼女の魅力。\nふと視線を落とせば、\nもちもちとした柔らかさと張りを兼ね備えたDカップの美乳。\nそして、きゅっと引き締まったいくびれからヒップへと流れるライン。\nそのギャップに、つい理性がざわついてしまう人も多いはず。\n\n笑顔の奥に、ふと滲む色気。\nおっとりした口調の中に、時折見せる艶やかな視線。\n「清楚」なのに、「エロい」。\nそのギャップがあまりにも自然で、気づけば心ごと飲み込まれてしまう──\nそんな“不意打ちの色香”を放つ逸材です。\n\n癒されながら、ドキッとさせられる。\n優しさに包まれながら、心がざわつく。\n彼女との時間は、まさに“二重の快感”──\nそんな“とろける時間”を味わえるはず\n\n今、この瞬間に出会えてよかったと、きっと思えるはずです。
親近感・ナチュラル,"癒し系, おっとり, 完全未経験, 美肌",（20）T:146 B:83(B) W:57 H:57,【完全業界未経験】\n【おっとり癒し系に秘められた“初めてのエロス”】\n【ふんわりとした笑顔に包まれて】\n\n池袋いちミニマム──ふわふわ、おっとり癒し系に秘められた“初めてのエロス”\nミニマムなサイズ感に、自然と守りたくなるような儚さと愛らしさ。 \nふんわりとした笑顔に包まれて話すうちに、気づけば心までほどけているはず。\n柔らかく、穏やかな声。相手の話をじっくりと聞き、寄り添う姿勢に、 「癒される…」と、思わずため息がこぼれる。\n\nふんわりとした空気をまとい、優しく微笑むその姿は、 まるで春の日差しのように穏やかで心地いい。\n会話はおっとりとした口調で、でも相手の言葉には丁寧に耳を傾けてくれる。\n気がつけば、自分の素のままを見せてしまっていることに驚かされるはずです。\n\nそんな彼女、実は完全な業界未経験。 けれど、エッチなことへの興味は、誰よりもまっすぐで素直。\n好奇心と恥じらいが交錯するその反応は、まさに“今だけ”の特別な魅力。\n何も知らないふりをしながらも、ほんの少しずつ大胆になっていく過程── その一瞬一瞬が、たまらなく愛おしい。\n\n恥じらいを見せながらも、好奇心旺盛な慣れない手つきや仕草、ちょっぴりたどたどしいけれど、 「もっと喜ばせたい」という想いがじわじわ伝わってくる。\n小ぶりながらもふわっとした柔らかさのバスト、順にそっと寄り添ってくるときの密着感。\nその瞬間、あなたは彼女の体温に包まれて、全身の力がふわっと抜ける。\nただ甘いだけじゃない、素肌と素肌の間に流れる静かな熱。\nそれは、未経験というフィルターを通しているからこその“今しかない色気”。\nそして、会話の中で何気なく見せる小さな笑顔や、 少し照れたように目を逸らす仕草、そのひとつひとつがとびきりのご褒美。\nこの出会いは、ただの癒しでは終わらない。\n“ピュア”と“エロス”が混ざり合う時間は、やがてあなたの記憶に深く刻まれるはずです。\n「癒されたい」「甘えたい」「とろけたい」── そんな気持ちをすべて委ねていい、唯一無二の存在。\n彼女との出会いが、あなたにとって“忘れられない初体験”になることをお約束します。
清楚・可憐,"清楚, 色白, 美肌, 完全未経験",（18）T:148 B:83(C) W:57 H:84,【業界完全未経験】\n【守ってあげたくなる小さな天使】\n【危うくも甘いギャップ】\n\n小さな天使、奇跡のはじまり──\n初めての扉を開けたばかりの「みる」さん。\nそのあどけない笑顔と、ぱっちりとした大きな瞳に、誰もが思わず心を奪われてしまうことでしょう。\n\n小柄で華奢な身体に透けるような色白の肌。\nふと触れたくなるほど滑らかで、近づけばかすかに甘い体温が伝わってくる。\n幼さを残したその佇まいには、危うさすら感じられ、胸の奥がざわつく瞬間も──。\n\n言葉を交わせば、無垢な笑顔と素直な反応がたまらなく愛おしい。\nはにかみながらも少しずつ心と身体を預けてくれる、その姿に本能がくすぐられる。\n\n完全業界未経験の彼女だからこそ見せる、戸惑いと興味の交差。\nその初々しい指先、恥じらうような視線、ほんの少しの密着が、想像以上に熱を帯びていく。\n\n清楚でピュアな印象の中に、じわじわと滲む色香。\nその危うくも甘いギャップを、ぜひあなた自身の目で確かめてみてください。
親近感・ナチュラル,"スレンダー, 美脚, 美乳, 完全未経験",（19）T:160 B:83(C) W:56 H:85,【美乳美脚のスレンダーモデルstyle】\n【業界完全未経験ながらテクニック急上昇中】\n【最近の好物は男性が悦んでいる姿】\n\nすらりとした体のラインは一見おとなしそうなのに、\nふとした瞬間に見せる脚の艶めきが、どうしても目を奪ってしまう。\nまっすぐ伸びた美脚は、ただ組み替える仕草ひとつで空気を変える。\nさりげないのに、妙に色っぽい。\nそんな“気づいたら惹かれてしまう”タイプの魅力。\n\nもともとは人見知りで距離感も慎重だったのに、\n最近は相手の反応を見るのがちょっと楽しいらしく、\n視線が触れたときにいたずらっぽく微笑んだり、\n褒められると照れながらも、\nわざとらしく脚の角度を変えてみたりする。\n\nその小さな変化が、やけにドキッとさせる。\n無自覚なのか、計算なのか──\n境界が曖昧なところがまた、たまらない。\n\n美脚と細い腰のラインがきれいに繋がり、\n身体をひねるだけで柔らかな陰影が生まれて、\n触れなくても“近づきたくなる空気”をまとっている。\n\n最近の彼女は、\n相手が喜んでいる表情を見ると、\n少しだけ満足そうに目を細める。\nその表情が急に大人びて見えて、\nどこか“新しいスイッチ”が入りはじめているのが分かる。\n\n控えめだった子が、\nゆっくりと艶っぽさを覚え、\n誰かをドキッとさせる自分に気づきはじめる瞬間。\n\nその“変わりはじめた今”こそ、\nいちばん惹きつけられる。
都会的・洗練,"綺麗系, スタイル抜群, スレンダー",（25）T:163 B:85(D) W:58 H:86,【洗練された大人のための、隠れ家】\n【都会的な気品と、柔らかな知性】\n【凛とした美しさが、安らぎに変わる場所】\n\n都会の喧騒をさらりと聞き流すような、洗練されたオーラを纏った彼女。\n凛とした佇まいは、まるで高級ホテルのラウンジにいるような優雅さを感じさせます。\n163cmの均整の取れたスタイルと、Dカップが描く気品あるシルエット。\n\nその美しさは一見クールに見えますが、\n言葉を交わせば驚くほど穏やかで、思慮深い優しさに溢れていることに気づくでしょう。\n上品な所作の一つひとつにまで宿る美意識が、\n貴方の疲れを丁寧に、ゆっくりと取り除いていきます。\n\n知的好奇心を刺激する会話と、心が通じ合う静かな時間。\n過度な装飾のない、本物の美しさに触れる贅沢。\n彼女と過ごすひとときで、貴方のステータスは最高に満たされるはずです。\n\n日常を忘れ、最高級の安らぎに浸る夜。\n彼女が貴方だけに贈る、洗練された極上の休日をお楽しみください。
清楚・可憐,"清楚, おっとり, 美肌",（22）T:158 B:84(D) W:57 H:85,【清楚のベールを脱ぐ、その瞬間のため】\n【おっとりとした癒しのシンフォニー】\n【貴方だけに見せる、理性の綻び】\n\nどこまでも清らかで、おっとりとした空気を纏った彼女。\nその落ち着いた立ち振る舞いには、育ちの良さと品の良さが滲み出ています。\n一緒にいるだけで、日々の喧騒が遠のいていくような深い安らぎ。\n\nしかし、ふたりきりの刻が深まり、彼女の「清楚」というベールがそそっと剥がされる時、\n内面に秘めた好奇心が、驚くほどの熱を帯びて現れます。\n貴方の指先に触れ、瞳を潤ませる彼女の姿。\nその美しい豹変ぶりに、貴方は言葉を失うことになるでしょう。\n\nしなやかな曲線を描くDカップのバストと、きめ細やかな白い肌。\n清楚な彼女が見せる、恥じらいを含んだ大胆なアプローチ。\nそのギャップは、貴方の本能を最高に昂ぶらせ、深い悦びへと誘います。\n\n心と体が優しく響き合う、至福のひととき。\n清楚な彼女が貴方だけに贈る、甘美な癒しの時間を心ゆくまでお楽しみください。
天真爛漫・愛嬌,"可愛い系, 愛嬌抜群, 完全未経験, 美肌",（21）T:153 B:85(D) W:58 H:84,【笑顔の魔法にかかる、特別な休日】\n【屈託のない愛嬌と、隠れた熱量】\n【フレッシュなときめき、再発見】\n\n弾けるような笑顔と、天真爛漫な明るさを纏った彼女。\n部屋に太陽が差し込んだような温かな雰囲気は、貴方の心を瞬時に解きほぐしてくれるはずです。\n153cmの小柄で愛らしいシルエット。\nその「可愛い」の奥底に、じわじわとにじむような隠れたエロスを感じるでしょう。\n\n健康的なDカップのバストラインと、瑞々しい肌の質感。\n彼女が笑い、動くたびに、その瑞々しい曲線がしなやかに躍動します。\n計算のない純粋な反応の一つひとつが、貴方の本能を優しく刺激していく。\n\n完全未経験だからこそ味わえる、手垢のついていないピュアな反応。\n初めての経験に驚き、はにかむ彼女の健気な姿に、愛おしさが爆発します。\n彼女の真っ直ぐな想いが、貴方の孤独を優しく癒していく。\n\n世界で一番安心できる、ふたりだけの隠れ家。\n彼女が貴方だけに贈る、最高にキュートで温かな時間を満喫してください。
天真爛漫・愛嬌,"可愛い系, ロリ系, 完全未経験, 愛嬌抜群",（22）T:151 B:85(C) W:57 H:84,【小顔で可愛らしいちいさな天使】\n【万人に愛される愛嬌】\n【じわじわとにじむエロス】\n\nぱっと目に入る小柄でキュートなシルエット、そして愛嬌たっぷりの表情。\n彼女の魅力は、「可愛い」だけじゃ収まらない、誰からも愛される“素直さと初々しさ”にあります。\n\nまだ完全未経験──それでも、お客様一人ひとりの「好き」に応えたいという気持ちは人一倍。\n慣れていないはずなのに、ふと感じる積極的な雰囲気に、思わずドキッとする方も多いはず。\n何も知らないはずの彼女が、少しずつ学びながら近づいてくる感覚を、ぜひ独占してください。
清楚・可憐,"清楚, 巨乳, 完全未経験, 色白",（18）T:161 B:87(F) W:58 H:88,【完全業界未経験】\n【美白Fカップ美巨乳】\n【エロに興味津々おっとり清楚系】\n\nふんわりとした口調に、おっとりとした仕草。\n彼女と向き合った瞬間、場の空気がやさしくとろけていく…そんな穏やかな時間が始まります。\n色白の肌は、まるで陶器のようにきめ細やか。\n\nけれど、その静かな印象の奥には、まだ誰にも触れられていない“無垢なエロス”が秘められている。\n張りと柔らかさをあわせ持ったFカップの美巨乳は、服の上からでは想像もつかないほどの存在感。\n彼女自身もまだ自覚していない、その「肉体の魔力」に触れた時、貴方は本能的な昂ぶりを抑えられなくなるでしょう。\n\n純真無垢な瞳で、貴方の教えを請うように見つめてくる初々しさ。\n好奇心旺盛で、新しい扉を開くことに少しの不安と、大きな期待を抱いている彼女。\nそんな彼女を貴方の色に染め上げていく、背徳的で甘美な悦び。\n\n今、この瞬間にしか出会えない、汚れなき「原石」の輝き。\n彼女のすべてが貴方のために解き放たれる、贅沢なひとときをお楽しみください。
清楚・可憐,"清楚, 巨乳, 美肌, おっとり, 完全未経験",（18）T:162 B:90(F) W:58 H:86,【ほんわか安らぎ × ときどき覗く“いやらしさ”】\n【美肌＆Fカップ美巨乳の包容】\n【ロリカワの奥で灯る“大人”の余白】\n\n第一印象は、ほんわかかと安らぐ空気。笑顔はやわらかく、言葉遣いは丁寧。\n人当たりの良さが最初の緊張を解き、ふたりの距離を自然に近づけてくれる。\n\nけれど、その穏やかさの奥には──思わず息を呑む美肌と、丸みを美しく描くFカップ。\nロリカワの印象に油断していると、ふと滲む“大人”の艶。\n視線の温度、間合いの取り方、指先のしつけ方──主導権は、いつのまにか彼女の手元へ。\n\n貴方の反応に合わせて圧やリズムを繊細に整え、気持ちよさを少しずつ積み上げていく。\n清楚でやさしい。なのに、時折みせる大人の色気が確かに貴方を翻弄する。
清楚・可憐,"清楚, 癒し系, おっとり",（18）T:158 B:86(C) W:57 H:85,【清楚な微笑み、蜜の本性】\n【心をくすぐる“甘サド”な快感】\n【不思議な安心感と快感の融合】\n\n一見すると、穏やかで控えめ。清楚で上品な癒し系。\n柔らかな物腰とおっとりとした口調には、どこか奥ゆかしさすら感じさせる。\n穏やかな春風のようなその雰囲気は、まさに「品の良い良家のお嬢様」。\n\n──けれど、その印象はゆっくりと、静かに崩れていく。\n優しさの奥に潜んでいたのは、想像もしなかった甘く官能的なエロスの一面。\n柔らかな声で放たれる“甘サド”な快感は、貴方の心の奥にしまっていた最も敏感な部分に、じわじわと熱を落としていく。\n\n気づけば、本能から甘えてしまっているのは貴方のほう。\n心の芯に、ほんのりとした優しい熱が残っているはずです。\nその熱は、決してすぐには消えません。\nむしろそれこそが、貴方が彼女に魅了された証。
清楚・可憐,"清楚, 愛嬌抜群, テクニシャン",（23）T:157 B:86(C) W:57 H:85,【清楚・愛嬌・美乳 3拍子揃う美女】\n【品と愛嬌を併せ持った清楚系美人】\n【テクニックにも期待大】\n\n小柄で愛らしいボディから放たれる上品なオーラと、にこっと微笑むその愛嬌が絶妙にマッチ。\n一度会えば、誰もが彼女の虜になってしまう、そんな特別な魅力の持ち主です。\n\n品のある立ち振る舞いと、親しみやすい愛嬌を兼ね備えた清楚系美人。\nCカップ美乳は形も質感も申し分なく、華奢なウエストと女性らしいヒップが織りなすシルエットは、まさに洗練された美そのもの。\n\n見た目だけじゃない、彼女の真骨頂は「テクニック」にもあります。\n丁寧で繊細な彼女の手さばきに、心も体も完全に委ねたくなる…そんな至福の瞬間が待っています。
清楚・可憐,"清楚, 巨乳, 完全未経験, おっとり",（19）T:155 B:92(F) W:59 H:89,【完全業界未経験】\n【清楚系Fカップ美巨乳】\n【癒しの時間を貴方と共に】\n\n守ってあげたくなるような清楚な佇まいと、\nおっとりとした癒し系の雰囲気を纏った彼女。\nその清純な外見からは想像もつかない、\n豊かなFカップ美巨乳が貴方を優しく包み込みます。\n\n完全業界未経験だからこそ味わえる、\n瑞々しい感触と初々しい反応。\n一つひとつの所作に一生懸命な彼女の姿に、\n貴方の心はいつの間にか解きほぐされているはずです。\n\n清楚な彼女が魅せる、まだ誰にも染められていない「素」の輝き。\nふたりきりの空間で、彼女の体温と鼓動を\n心ゆくまで感じてみませんか？
清楚・可憐,"清楚, 巨乳, 美肌, おっとり, 完全未経験",（23）T:153 B:90(E) W:58 H:85,【小柄巨乳の新星】\n【心までほぐれる“やさしいエロス”】\n【業界完全未経験】\n\n153cmの小さなカラダに、ふわっと存在感を放つ柔らかなEカップバスト。\n一目で「可愛い！」と感じる無邪気な笑顔と、触れた瞬間にわかる、思わず抱きしめたくなるような心地よいぬくもり。\n\nそんな彼女は、まだ何も知らない完全未経験。\nでも、戸惑いながらも懸命に応えようとするその姿勢が、胸の奥をじんわりと温かくしてくれる。\n未経験らしい不器用さの中にも、「喜んでもらいたい」──そんなまっっすぐな想いがにじみ出るような仕草に、自然と心を委ねたくなるはずです。
清楚・可憐,"清楚, 完全未経験, エッチ好き, 恥ずかしがり屋",（20）T:159 B:85(C) W:59 H:89,【恥ずかしがり屋だけどエッチに興味津々】\n【礼嬌正しく笑顔が素敵な王道清楚系】\n【もちろん完全業界未経験】\n\n第一印象は、礼儀正しく笑顔がとても素敵な、まさに王道清楚系。\n柔らかな物腰と丁寧な受け答えに、誰もが安心感を抱くことでしょう。\n\nけれど、その奥に潜むのは──恥ずかしがり屋でありながら、エッチなことには強く興味を寄せるもう一つの顔。\n見た目の清楚さとは裏腹に、「してあげたい」という気持ちが先に動くタイプ。\n完全業界未経験という初々しさと、内に秘めた好奇心。\nそして「相手を満たしたい」という優しい衝動が同居する彼女との時間は、甘く心に残る特別なひとときとなるはずです。
天真爛漫・愛嬌,"可愛い系, 巨乳, 愛嬌抜群",（20）T:157 B:87(F) W:57 H:85,【ゆるふわの裏に潜む甘サドな誘惑】\n【包み込まれる柔らかな温もり】\n【しなやかに弧を描くFカップ美巨乳】\n\n扉を開けた瞬間、フワッと音が聞えるような柔らかい空気をまとった彼女が微笑む。\n小柄ながらメリハリのあるスタイルと少し潤んだ瞳に上目遣いされながら、ふと気づく距離感。\n日常では決して得られず、でも欲してやまない境界線、まるで相手をじっくり品定めするかのような甘サドな視線。\n\n「ねぇ、どんなふうにされるのが好き？」\n\n柔らかく甘い声でそう囁かれると、心の奥まで見透かされている気がして心臓が高鳴る。\nすぐにグッと詰まる距離。寄り添うような温度感とは裏腹に、徐々に帯びていく熱。
都会的・洗練,"綺麗系, スレンダー, 巨乳, スタイル抜群",（22）T:172 B:88(F) W:57 H:85,【高身長×Fカップ巨乳×スレンダー】\n【スタイル重視の方はドハマり間違いなし】\n【落ち着いた美人でサービスも期待◎】\n\n街ですれ違えば、つい目で追ってしまうだろうすらりと伸びる美脚としなやかな肢体を持つ、高身長の彼女。\nまとう空気は上品で、落ち着いた大人の余裕を感じさせる。\nFカップの美巨乳 × スレンダーなシルエット──その組み合わせはまさに奇跡的なバランス。\n\nゆったりとした動きに滲む品の良さ、凛とした美しい立ち姿。\nそれなのに、どこか親しみやすい空気を纏っているのが魅力的だ。\n柔らかく微笑むその表情には、無邪気さと、ふと甘く誘うような色気が見え隠れする。
親近感・ナチュラル,"可愛い系, 巨嬌抜群",（18）T:158 B:85(D) W:58 H:84,【笑顔で魅了するハイスペック美少女】\n【リピーター様続出中！】\n【愛嬌◎サービス精神◎】\n\n幼さ残るあどけない笑顔。礼儀正しく愛嬌もバッチリ。\n均整の取れた身体にDカップの美乳。\nサービス精神も旺盛な彼女は世の男性を魅了する材料をすべて持ち合わせたハイスペック美少女。\n\n密着したゼロ距離で、甘い声にささやかれたら、、\n気付いた時には延長しているかも、、。\n池袋で遊ぶならぜひ一度は会ってほしい女の子です。
親近感・ナチュラル,"可愛い系, 巨乳, 愛嬌抜群, テクニシャン",（20）T:158 B:87(E) W:58 H:86,【可愛いと美人の両立！愛嬌抜群】\n【細身グラマーEカップ】\n【テクニックにも期待♪】\n\nかわいい系のお顔ですが、落ち着いたお姉さんのような雰囲気も両立した女の子。\n天性の明るさで話していると職場の気さくな後輩のよう。\nしかし、いざプレイになるとグラマーボディ and 魅惑のタッチで積極的に責めてくる妖艶な一面。\n\nすぐまた会いたくなる魅力満載。\nまずは一度ぜひお問い合わせください。
親近感・ナチュラル,"清楚, スレンダー, 完全未経験, モデル系",（19）T:160 B:83(B) W:56 H:85,【業界経験はおろか、男性経験すら!?】\n【心が震える“ピュアの化身”】\n【儚く甘い奇跡】\n\n触れるたび、心が震える“ピュアの化身”。\n一瞬で伝わるのは、守りたくなるような透明感と、触れるのがためらわれるほどのピュアさ。\n彼女は、業界経験はおろか、男性経験すら!?な、まっさらな存在。\nまだ何も知らない──けれど、その奥には「喜んでもらいたい」という真っ直ぐで一生懸命な想いがそっと宿っている。\n\n緊張と戸惑いを滲ませながら、でも、少しずつ距離を縮めてくる彼女の姿に、「この子の最初を、大切にしたい」と思わずにはいられません。\nそのすべてが、きっと貴方にとっても忘れられない記憶になる。
都会的・洗練,"綺麗系, スレンダー, スタイル抜群, モデル系",（24）T:165 B:85(D) W:58 H:86,【モデル体型×圧倒的美貌】\n【都会的で洗練されたオーラ】\n【凛とした佇まいに潜む、特別な隙】\n\n凛としたモデル体型から放たれる、圧倒的な美。\n彼女が部屋に足を踏み入れた瞬間、空気が一変するような、洗練されたオーラを感じるはずです。\n165cmのすらりとした長身と、無駄のないしなやかなライン。\nその完璧な美しさに、誰もがため息を漏らさずにはいられません。\n\n都会的でクールな印象を与える端正な顔立ち。\nしかし、ふとした瞬間にこぼれる柔らかな微笑みは、彼女が貴方だけに許した特別な「隙」の証です。\n上品な立ち振る舞いの中に、どこか守ってあげたくなるような繊細さが同居し、\nその二面性が、貴方の独占欲を静かに、しかし激しく掻き立てます。\n\n知的な瞳の奥に宿る、好奇心と優しさ。\n一見、高嶺の花のように見えても、言葉を交わせば驚くほど素直で、温かな心に触れることができるでしょう。\nその心地よい緊張感と、心が解きほぐされるような至福のひととき。\n\n特別な夜を彩る、唯一無二の存在感。\n最高級の美しさと、彼女が織りなす極上の時間を、心ゆくまでご堪能ください。
妖艶・色香,"綺麗系, お姉さん系, 巨乳, グラマー",（28）T:160 B:92(F) W:62 H:90,【成熟した大人の色香】\n【抗えない官能の曲線】\n【夜に咲く、艶やかな華】\n\n成熟した女性だけが持つ、深く艶やかな美しさ。\n彼女の視線が重なるたび、本能が静かに目を覚ますのを感じるはずです。\nFカップの豊潤なバストと、引き締まったウエストが描く圧倒的なコントラスト。\n\nその肉体は、まさに「隠れグラマラス」を体現する極上のライン。\n服の上からは想像もつかないほどの熱量と、吸い付くような肌の質感が、貴方の感覚を麻痺させていきます。\n一歩踏み込むたびに深まる、芳醇な香りのような官能の世界。\n\n酸いも甘いも噛み分けた、大人の余裕と優しさ。\n貴方の望みを静かに汲み取り、最高の悦びへと誘う手練。\n彼女との刻は、日常を忘れさせるほどの濃密な熱気に満ちています。\n\n理性さえも溶けていく、禁断のひととき。\n彼女が解き放つ、究極の色香に身を委ねてみてください。
天真爛漫・愛嬌,"愛嬌抜群, 癒し系",（21）T:155 B:84(D) W:58 H:85,【弾ける笑顔のビタミン剤】\n【アイドル級の愛くるしさ】\n【元気と癒しのハイブリッド】\n\nひまわりのように明るい笑顔で、一瞬にして心を晴れやかにしてくれる彼女。\n屈託のない笑い声と、愛くるしい表情は、まさに「天真爛漫」そのもの。\n彼女の隣にいるだけで、不思議と力が湧いてくるのを感じるでしょう。\n\n小柄でバランスの取れたボディに、意外なほどの存在感を放つDカップ。\n元気いっぱいに動き回るたび、その瑞々しい曲線が躍動し、貴方の目を釘付けにします。\n健康的でありながら、ふとした瞬間に見せる「女の子」としての恥じらい。\n\n計算のない純粋なアプローチに、思わず頬が緩んでしまう。\n貴方を心から楽しませようとする健気な姿勢が、愛おしさを倍増させます。\n気を張らずに過ごせる、親友のような、それでいて恋人のような特別な距離感。\n\n心が洗われるような、フレッシュなときめき。\n彼女と一緒に、笑顔溢れる最高の時間を過ごしてみませんか？
親近感・ナチュラル,"清楚, 癒し系, 聞き上手",（23）T:158 B:83(C) W:59 H:86,【隣にいてほしい、理想の彼女感】\n【飾り気のない美しさ】\n【心が解ける、素直な対話】\n\nまるで昔からの知り合いだったような、不思議な安心感を与えてくれる彼女。\n派手さはないけれど、ずっと見つめていたくなるような、ナチュラルで清潔感溢れる佇まい。\nその自然体な魅力に、貴方の心の鎧はいつの間にか脱ぎ捨てられているはずです。\n\nしなやかで細身なシルエットと、温かな肌のぬくもり。\n華奢な肩のラインは、思わず抱きしめたくなるような儚さを感じさせます。\n過度な装飾のない「素」の美しさが、ふたりきりの刻をよりリアルで贅沢なものに変えていきます。\n\n彼女の最大の魅力は、貴方のどんな話も笑顔で受け止める「聞き上手」な一面。\n何気ない会話が、彼女の温かな相槌によって特別な物語へと変わっていく。\n着飾らない言葉で、心と心が通じ合う感覚。\n\n穏やかで心地よい、凪のような時間。\n彼女とのひとときで、明日への活力をそっとチャージしてください。
都会的・洗練,"綺麗系, スタイル抜群, スレンダー",（24）T:165 B:85(D) W:58 H:86,【都会的な佇まいに秘めたる熱量】\n【凛とした美しさが安らぎに変わる場所】\n\n都会の洗練されたオーラを纏い、一際目を引くクールな美貌。\n165cmのすらりとした長身と、しなやかなボディライン。\nその美しさは一見クールに見えますが、\n言葉を交わせば驚くほど穏やかで、思慮深い優しさに溢れていることに気づくでしょう。\n\n知的な瞳の奥に宿る、好奇心と優しさ。\n一見、高嶺の花のように見えても、\nふたりきりの刻には驚くほど大胆に自分を解放する一面。\nそのギャップこそが、彼女が隠し持つ最大の武器です。\n\n都会の喧騒を忘れ、彼女の魔力に溺れる夜。\n最高にスリリングで、最高に甘美な時間を約束します。
都会的・洗練,"綺麗系, お姉さん系, 完全未経験, スタイル抜群",（24）T:165 B:85(D) W:58 H:86,【モデル系美女の覚醒前夜】\n【クールな外見と甘い素顔の共鳴】\n\n凛とした佇まいに潜む、成熟した女性だけが持つ深い艶。\n165cmの均整の取れたスタイルは、まさに都会の夜に咲く一輪の華。\nその完璧な美しさに、誰もがため息を漏らさずにはいられません。\n\n初対面ではややクールな印象を受けるかもしれません。\nけれど会話が始まると、ふわりと笑う姿に最初に抱いた疑念は一瞬で崩れます。\n明るく、よく笑い、おっとりした口調で話すその姿に、誰もがほっとするはず。そしてそのギャップが、たまらない。\n\nそしてもうひとつの魅力が、完全未経験というピュアさ。\n近寄りがたいはずの美しさが、一気に距離を縮めてくる。\n「目の前の人に喜んでもらいたい」という純粋な気持ちと、\n持ち前の真面目さで、ひとつひとつの時間を丁寧に大切にしてくれます。\n戸惑いながらも、相手の反応を一生懸命に探るその姿に、\n「教えてあげたい」気持ちと、「支配されたい」欲が入り混じる、絶妙な快感の揺らぎ。\n触れたときのしなやかなライン、思わず指を這わせたくなる美しいくびれ。\n回を重ねるごとに、彼女の中に眠っていた本能が、少しずつ目を覚ましていく。\n最初は戸惑いがちだったはずの仕草が、だんだんと艶っぽく、甘く、濃密に変化していく。\nその瞳が揺れ、吐息が熱を帯び、\n何も知らなかったはずの彼女が、いつの間にかあなたを惑わせる存在に変わっていく──\nクールなのに、甘くて柔らかい。\nおっとりしているのに、どこかエロティック。\n今この瞬間にしか味わえない、“覚醒前夜”の彼女に、\nあなたはもう抗えないはずです。
天真爛漫・愛嬌,"可愛い系, 愛嬌抜群",（19）T:155 B:84(C) W:58 H:84,【無邪気な笑顔の小悪魔天使】\n【弾ける若さと瑞々しい感触】\n\n19歳という瑞々しさが放つ、圧倒的なフレッシュさ。\nアイドルグループにいてもおかしくないほどの愛くるしいルックスは、まさに動くビタミン剤です。\n小柄な身体に宿る、健康的なバストの生命力。\n天真爛漫に笑い、楽しそうに話す彼女の姿に、思わずこちらまで笑顔がこぼれます。\n計算のない純粋な反応の一つひとつが、貴方の守ってあげたい本能を激しく揺さぶります。